md5,count,examples
b1d0cd283a346e919abb3beeb018279d,17,node_modules/@babel/plugin-transform-react-jsx-source/LICENSE | node_modules/@babel/helper-string-parser/LICENSE | node_modules/@babel/helper-validator-option/LICENSE | node_modules/@babel/types/LICENSE | node_modules/@babel/helper-plugin-utils/LICENSE | node_modules/@babel/core/LICENSE | node_modules/@babel/helper-globals/LICENSE | node_modules/@babel/plugin-transform-react-jsx-self/LICENSE ...
d4a904ca135bb7bc912156fee12726f0,8,node_modules/@types/babel__template/LICENSE | node_modules/@types/react-dom/LICENSE | node_modules/@types/babel__generator/LICENSE | node_modules/@types/babel__traverse/LICENSE | node_modules/@types/prop-types/LICENSE | node_modules/@types/estree/LICENSE | node_modules/@types/babel__core/LICENSE | node_modules/@types/react/LICENSE
a12ebca0510a773644101a99a867d210,7,node_modules/path-is-absolute/license | node_modules/array-uniq/license | node_modules/pify/license | node_modules/object-assign/license | node_modules/array-union/license | node_modules/globby/license | node_modules/arrify/license
82703a69f6d7411dde679954c2fd9dca,7,node_modules/lru-cache/LICENSE | node_modules/once/LICENSE | node_modules/semver/LICENSE | node_modules/minimatch/LICENSE | node_modules/glob/LICENSE | node_modules/yallist/LICENSE | node_modules/wrappy/LICENSE
b9a94cc8f4aac450fb21641eaf065c6d,6,__MACOSX/node_modules/._.DS_Store | __MACOSX/node_modules/vite/._.DS_Store | __MACOSX/src/._.DS_Store | __MACOSX/src/ui/._.DS_Store | __MACOSX/src/state/._.DS_Store | __MACOSX/sumo_toolkit/._.DS_Store
2327dcc62ba928de8438ea5881779911,4,node_modules/@jridgewell/sourcemap-codec/LICENSE | node_modules/@jridgewell/trace-mapping/LICENSE | node_modules/@jridgewell/gen-mapping/LICENSE | node_modules/@jridgewell/remapping/LICENSE
901f6cd9846257b3a9c69dbd0a49caf1,3,node_modules/scheduler/LICENSE | node_modules/react-dom/LICENSE | node_modules/react/LICENSE
d0707362e90f00edd12435e9d3b9d71c,2,.vite/deps_temp_ddf99f78/package.json | node_modules/.vite/deps/package.json
40b65fd671037af78180b1d98c120362,2,node_modules/tinyglobby/dist/index.d.mts | node_modules/tinyglobby/dist/index.d.cts
cf97df00fa12b8acb9d6644d71f78d40,2,node_modules/@types/react/canary.d.ts | node_modules/@types/react/ts5.0/canary.d.ts
0c5584b5b93ae691d49814d410cd4159,2,node_modules/@types/react/experimental.d.ts | node_modules/@types/react/ts5.0/experimental.d.ts
6e2fab217b37b0cb624c3a6a9e8d4588,2,node_modules/@types/react/global.d.ts | node_modules/@types/react/ts5.0/global.d.ts
88f1e4003a8aeb39ef43508ad9499787,2,node_modules/@rolldown/pluginutils/dist/index.d.cts | node_modules/@rolldown/pluginutils/dist/index.d.ts
ad265c6480d9ddbc1209864887a06ebd,2,node_modules/nanoid/index.d.cts | node_modules/nanoid/index.d.ts
cc71a594b961b450376a595078782fc1,2,node_modules/nanoid/non-secure/package.json | node_modules/nanoid/url-alphabet/package.json
be72c3ad86c1c4e9578a1945b082b17d,2,node_modules/pinkie-promise/license | node_modules/pinkie/license
e301795191647afb9545c46160d05038,2,node_modules/scheduler/umd/scheduler.production.min.js | node_modules/scheduler/umd/scheduler.profiling.min.js
524534500beb046a500bc3dfd429d428,2,node_modules/underscore/underscore-umd-min.js.map | node_modules/underscore/underscore-min.js.map
6659b91a12ebd3e71deaee1d97a8ca81,2,node_modules/underscore/underscore.js | node_modules/underscore/underscore-umd.js
ac3b5cb2df4dc66e5c211e94a84179e4,2,node_modules/underscore/underscore-min.js | node_modules/underscore/underscore-umd-min.js
3519a92f7a6fb7e54a7c28856fd01dbf,2,node_modules/fdir/dist/index.d.mts | node_modules/fdir/dist/index.d.cts
c2720243c9da3ccba696fadfd4df378c,2,node_modules/@jridgewell/sourcemap-codec/types/scopes.d.cts | node_modules/@jridgewell/sourcemap-codec/types/scopes.d.mts
4ccba2ae7316b0d09516c222625967f7,2,node_modules/@jridgewell/sourcemap-codec/types/sourcemap-codec.d.cts.map | node_modules/@jridgewell/sourcemap-codec/types/sourcemap-codec.d.mts.map
a08f5b521d520b141eb6a703ccc67072,2,node_modules/@jridgewell/sourcemap-codec/types/strings.d.cts.map | node_modules/@jridgewell/sourcemap-codec/types/strings.d.mts.map
91e99baefadb2f648434d300a58fa07b,2,node_modules/@jridgewell/sourcemap-codec/types/scopes.d.mts.map | node_modules/@jridgewell/sourcemap-codec/types/scopes.d.cts.map
8d3c94109af37ef4e2b379e01be783d7,2,node_modules/@jridgewell/sourcemap-codec/types/strings.d.cts | node_modules/@jridgewell/sourcemap-codec/types/strings.d.mts
d9604a5cf24ea5d1940021bba9aecf0f,2,node_modules/@jridgewell/sourcemap-codec/types/vlq.d.mts.map | node_modules/@jridgewell/sourcemap-codec/types/vlq.d.cts.map
b7f56c5c59f11687602382ca812682cf,2,node_modules/@jridgewell/trace-mapping/types/resolve.d.cts.map | node_modules/@jridgewell/trace-mapping/types/resolve.d.mts.map
cc4a36e469907367107cd08be7da0d94,2,node_modules/@jridgewell/trace-mapping/types/sourcemap-segment.d.mts.map | node_modules/@jridgewell/trace-mapping/types/sourcemap-segment.d.cts.map
5f4052b465e26951fa0fdce970252d06,2,node_modules/@jridgewell/trace-mapping/types/binary-search.d.mts.map | node_modules/@jridgewell/trace-mapping/types/binary-search.d.cts.map
ca0c0608423332ef9cf0ad7bd0d9bd09,2,node_modules/@jridgewell/trace-mapping/types/sort.d.mts.map | node_modules/@jridgewell/trace-mapping/types/sort.d.cts.map
b8ba954ddd0a68e6c9a3a2d1ebc8e276,2,node_modules/@jridgewell/trace-mapping/types/by-source.d.cts.map | node_modules/@jridgewell/trace-mapping/types/by-source.d.mts.map
eb3474580181301a22ba165315d3b8ec,2,node_modules/@jridgewell/trace-mapping/types/types.d.cts.map | node_modules/@jridgewell/trace-mapping/types/types.d.mts.map
1c1704b58ffe21a1b0cb1a764fe55324,2,node_modules/@jridgewell/trace-mapping/types/flatten-map.d.cts.map | node_modules/@jridgewell/trace-mapping/types/flatten-map.d.mts.map
9eccdd6f3a9a5e988078f7aa1176013b,2,node_modules/@jridgewell/trace-mapping/types/trace-mapping.d.mts.map | node_modules/@jridgewell/trace-mapping/types/trace-mapping.d.cts.map
bbec94a9d4a1f57aa7ed4c053c520fcc,2,node_modules/@jridgewell/trace-mapping/types/strip-filename.d.cts.map | node_modules/@jridgewell/trace-mapping/types/strip-filename.d.mts.map
ed9f4db0c39c60bfb09f761217ce430b,2,node_modules/@jridgewell/trace-mapping/types/sourcemap-segment.d.cts | node_modules/@jridgewell/trace-mapping/types/sourcemap-segment.d.mts
062c3322023a55cbedb57ff1d256c1fa,2,node_modules/@jridgewell/gen-mapping/types/sourcemap-segment.d.mts.map | node_modules/@jridgewell/gen-mapping/types/sourcemap-segment.d.cts.map
ed87c5e37b53cadd8cfb7337e06b9a94,2,node_modules/@jridgewell/gen-mapping/types/types.d.cts.map | node_modules/@jridgewell/gen-mapping/types/types.d.mts.map
6485b3db62735b1e049ccabe08051ae0,2,node_modules/@jridgewell/gen-mapping/types/gen-mapping.d.cts.map | node_modules/@jridgewell/gen-mapping/types/gen-mapping.d.mts.map
15d3e39765592bb38aaddd9d814678ed,2,node_modules/@jridgewell/gen-mapping/types/set-array.d.mts.map | node_modules/@jridgewell/gen-mapping/types/set-array.d.cts.map
92d5d4f4f56383f6b597234088cf0bf3,2,node_modules/@jridgewell/gen-mapping/types/set-array.d.cts | node_modules/@jridgewell/gen-mapping/types/set-array.d.mts
d1b37494d1848a4e0d5db06d71b1e692,2,node_modules/@jridgewell/gen-mapping/types/sourcemap-segment.d.cts | node_modules/@jridgewell/gen-mapping/types/sourcemap-segment.d.mts
84be8faae33d7eb5fce32ebf181f5323,2,node_modules/@jridgewell/remapping/types/source-map.d.mts.map | node_modules/@jridgewell/remapping/types/source-map.d.cts.map
c5cbaa7960d739ed4b9d3c2a932bc2f2,2,node_modules/@jridgewell/remapping/types/remapping.d.cts.map | node_modules/@jridgewell/remapping/types/remapping.d.mts.map
55c1dc95281c8e8ac2f504ad14658e73,2,node_modules/@jridgewell/remapping/types/source-map-tree.d.cts.map | node_modules/@jridgewell/remapping/types/source-map-tree.d.mts.map
899c0d1211e54fc476803bc5cad69ed8,2,node_modules/@jridgewell/remapping/types/types.d.cts.map | node_modules/@jridgewell/remapping/types/types.d.mts.map
fa430be3278cef22da07cfd64975d324,2,node_modules/@jridgewell/remapping/types/build-source-map-tree.d.mts.map | node_modules/@jridgewell/remapping/types/build-source-map-tree.d.cts.map
5ff9ce463c95180c6506442acdb19651,2,node_modules/@jridgewell/remapping/types/types.d.cts | node_modules/@jridgewell/remapping/types/types.d.mts
ea3feead0d589a500665ef454c1e9fa9,2,node_modules/@jridgewell/remapping/types/source-map-tree.d.mts | node_modules/@jridgewell/remapping/types/source-map-tree.d.cts
4491fe31a18849a91943f4cad7949bd0,2,node_modules/.vite/deps/react-dom.js.map | node_modules/.vite/deps/react.js.map
